record_id,year,title,venue,doi,metadata_candidate,full_text_eligible,evidence_level,metric_family,artifact_status,coding_status
"Gardner2025DistributedML","2025","Metaverse Meets Distributed Machine Learning: A Contemporary Review on the Development with Privacy-Preserving Concerns","ICT Express","10.1016/j.icte.2025.04.008","yes","","","","","PENDING_FULL_TEXT_CODING"
"Lu2021DITEN","2021","Communication-Efficient Federated Learning and Permissioned Blockchain for Digital Twin Edge Networks","IEEE Internet of Things Journal","10.1109/JIOT.2020.3015772","yes","","","","","PENDING_FULL_TEXT_CODING"
"Wang2024AIGCMetaverse","2024","Exploring Artificial Intelligence Generated Content (AIGC) Applications in the Metaverse: Challenges, Solutions, and Future Directions","IET Blockchain","10.1049/blc2.12076","yes","","","","","PENDING_FULL_TEXT_CODING"
"Kusters2026AgentRisks","2026","Trusted but Not Trustworthy: A Conceptual Analysis of AI Agent Risks in the Metaverse and EU Policy Responses","Frontiers in Virtual Reality","10.3389/frvir.2026.1813331","yes","","","","","PENDING_FULL_TEXT_CODING"
"DiPietro2021MetaverseSecurity","2021","Metaverse: Security and Privacy Issues","2021 Third IEEE International Conference on Trust, Privacy and Security in Intelligent Systems and Applications (TPS-ISA)","10.1109/TPSISA52974.2021.00032","yes","","","","","PENDING_FULL_TEXT_CODING"
"HuynhThe2023BlockchainMetaverse","2023","Blockchain for the Metaverse: A Review","Future Generation Computer Systems","10.1016/j.future.2023.02.008","yes","","","","","PENDING_FULL_TEXT_CODING"
"Yadav2023ZKPAuthentication","2023","A Blockchain-based Authentication Protocol for Metaverse Environments using a Zero Knowledge Proof","2023 IEEE International Conference on Metaverse Computing, Networking and Applications (MetaCom)","10.1109/MetaCom57706.2023.00053","yes","","","","","PENDING_FULL_TEXT_CODING"
"Christopoulou2025Architecture","2025","5G/6G Architecture Evolution for XR and Metaverse: Feasibility Study, Security, and Privacy Challenges for Smart Culture Applications","IEEE Access","10.1109/ACCESS.2025.3578595","yes","","","","","PENDING_FULL_TEXT_CODING"
"Jin2024PrivacyImmersive","2024","Privacy-Preserving Gaze-Assisted Immersive Video Streaming","IEEE Transactions on Mobile Computing","10.1109/TMC.2024.3452510","yes","","","","","PENDING_FULL_TEXT_CODING"
"Seo2024SpaceAuthentication","2024","Space Authentication in the Metaverse: A Blockchain-Based User-Centric Approach","IEEE Access","10.1109/ACCESS.2024.3357938","yes","","","","","PENDING_FULL_TEXT_CODING"
"Hassan2025PRIDAME","2025","PRIDA-ME: A Privacy-Preserving, Interoperable and Decentralized Authentication Scheme for Metaverse Environment","IEEE Open Journal of the Communications Society","10.1109/OJCOMS.2024.3523518","yes","","","","","PENDING_FULL_TEXT_CODING"
"Cheng2024ZeroTrust","2024","Toward Zero-Trust Security for the Metaverse","IEEE Communications Magazine","10.1109/MCOM.018.2300095","yes","","","","","PENDING_FULL_TEXT_CODING"
"Liu2026MetaL","2026","MetaL: A Fully Decentralized User-Driven Access Control Scheme for Metaverse Utilizing MC-ABE and Sharding Blockchain","IEEE Network","10.1109/MNET.2025.3613572","yes","","","","","PENDING_FULL_TEXT_CODING"
"Jensen2024PrivacyChallenges","2024","Privacy Challenges in the Metaverse","2024 IEEE International Conference on Metaverse Computing, Networking, and Applications (MetaCom)","10.1109/MetaCom62920.2024.00039","yes","","","","","PENDING_FULL_TEXT_CODING"
"Yadav2025PostQuantumMetaverse","2025","A Post Quantum Secured Authentication Protocol for the Metaverse","ICC 2025 - IEEE International Conference on Communications","10.1109/ICC52391.2025.11161686","yes","","","","","PENDING_FULL_TEXT_CODING"
"Lin2024SocialVRIdentity","2024","Usability, Acceptance, and Trust of Privacy Protection Mechanisms and Identity Management in Social Virtual Reality","2024 IEEE International Symposium on Mixed and Augmented Reality (ISMAR)","10.1109/ISMAR62088.2024.00027","yes","","","","","PENDING_FULL_TEXT_CODING"
"Zhang2024PrivacyRealism","2024","Demystifying the Privacy-Realism Dilemma in the Metaverse","Proceedings of the 39th IEEE/ACM International Conference on Automated Software Engineering Workshops","10.1145/3691621.3694958","yes","","","","","PENDING_FULL_TEXT_CODING"
"Gupta2024LSTMGRU","2024","LSTM-GRU Based Efficient Intrusion Detection in 6G-Enabled Metaverse Environments","2024 IEEE 25th International Symposium on a World of Wireless, Mobile and Multimedia Networks (WoWMoM)","10.1109/WoWMoM60985.2024.00032","yes","","","","","PENDING_FULL_TEXT_CODING"
"Veltri2026IdentityGovernance","2026","Regulatory Frameworks and Digital Identity in the Metaverse: An Exploratory Virtual Reality Experiment on Trust, Privacy, and Openness","Frontiers in Virtual Reality","10.3389/frvir.2026.1779260","yes","","","","","PENDING_FULL_TEXT_CODING"
"Nair2023Incognito","2023","Going Incognito in the Metaverse: Achieving Theoretically Optimal Privacy-Usability Tradeoffs in VR","Proceedings of the 36th Annual ACM Symposium on User Interface Software and Technology","10.1145/3586183.3606754","yes","","","","","PENDING_FULL_TEXT_CODING"
"Prajapat2025QuantumAuth","2025","Secure and privacy-preserving quantum authentication scheme using blockchain identifiers in metaverse environment","Journal of Systems Architecture","10.1016/j.sysarc.2025.103329","yes","","","","","PENDING_FULL_TEXT_CODING"
"Antonijevic2025MetaverseIDS","2025","Intrusion detection in metaverse environment internet of things systems by metaheuristics tuned two level framework","Scientific Reports","10.1038/s41598-025-88135-9","yes","","","","","PENDING_FULL_TEXT_CODING"
"Liang2025SAGTM","2025","SAGTM: A secure authentication scheme with traceability for avatars in the Metaverse","Computer Networks","10.1016/j.comnet.2025.111206","yes","","","","","PENDING_FULL_TEXT_CODING"
"Sayed2024RoughMetaverseIDS","2024","An optimized and intelligent metaverse intrusion detection system based on rough sets","Internet of Things","10.1016/j.iot.2024.101360","yes","","","","","PENDING_FULL_TEXT_CODING"
"Thakur2023ThreeFactor","2023","A Robust Privacy-Preserving ECC-Based Three-Factor Authentication Scheme for Metaverse Environment","Computer Communications","10.1016/j.comcom.2023.09.020","yes","","","","","PENDING_FULL_TEXT_CODING"
"Cao2024PolyTwin","2024","PolyTwin: Edge Blockchain-empowered Trustworthy Digital Twin Network for Metaverse","2024 IEEE International Conference on Metaverse Computing, Networking, and Applications (MetaCom)","10.1109/MetaCom62920.2024.00026","yes","","","","","PENDING_FULL_TEXT_CODING"
"Yu2025METAseen","2025","METAseen: analyzing network traffic and privacy policies in Web 3.0 based Metaverse","Digital Communications and Networks","10.1016/j.dcan.2023.11.006","yes","","","","","PENDING_FULL_TEXT_CODING"