field,status,verified_value_or_requirement
problem,VERIFIED,"cooperative VR rendering + dynamic resource leasing"
edge_entity,VERIFIED,"Planet=edge server hosting users"
resource_gpu,VERIFIED,"included"
resource_cpu,VERIFIED,"included"
resource_outbound_bandwidth,VERIFIED,"included"
qoe_metric,VERIFIED,"EdgeVRQoE"
qoe_components,VERIFIED,"rendering delay + visual quality"
decision_structure,VERIFIED,"double-layer"
method,VERIFIED,"hybrid-action multi-agent RL dynamic resource auction"
evaluation,VERIFIED,"extensive simulations"
reported_gain,VERIFIED_PROVENANCE_ONLY,">=18-fold QoE over compared schemes"
exact_qoe_equation,UNRESOLVED,"recover from full source"
state_space,UNRESOLVED,"recover from full source"
action_space,UNRESOLVED,"recover from full source"
reward,UNRESOLVED,"recover from full source"
auction_rules,UNRESOLVED,"recover from full source"
simulation_parameters,UNRESOLVED,"recover from full source"
baselines,UNRESOLVED,"recover from full source"
hyperparameters,UNRESOLVED,"recover from full source"
seeds_repetitions,UNRESOLVED,"recover from full source"
scientific_ready,BLOCKED,"false"
