element,source_equation_or_algorithm,status,fidelity_note
objective,"Eq. 13",VERIFIED,"w1 E + w2 T - rho A"
bandwidth_constraint,"13a",VERIFIED,"sum B_n <= B; nonnegative"
power_constraint,"13b",VERIFIED,"device-specific min/max"
cpu_constraint,"13c",VERIFIED,"device-specific min/max"
resolution_constraint,"13d",VERIFIED,"two choices only"
accuracy_surrogate,"Eq. 12",VERIFIED,"1 - 1.578 exp(-6.5e-3 s_n)"
subproblem2_transform,"Eq. 22-23",VERIFIED,"auxiliary nu,beta formulation"
newton_residual,"Eq. 24-28",VERIFIED,"phi vectors/Jacobian and backtracking update"
algorithm1,"Algorithm 1",VERIFIED_STRUCTURE,"CVX inner solve + Newton-like outer update"
algorithm2,"Algorithm 2",VERIFIED_STRUCTURE,"BCD alternating subproblem 1 and 2"
epsilon,"Algorithm 1",UNRESOLVED_NUMERIC,"symbolic only in exposed source"
xi,"Algorithm 1",UNRESOLVED_NUMERIC,"symbolic in (0,1)"
i0,"Algorithm 1",UNRESOLVED_NUMERIC,"maximum iteration symbolic"
epsilon0,"Algorithm 2",UNRESOLVED_NUMERIC,"stopping tolerance symbolic"
K,"Algorithm 2",UNRESOLVED_NUMERIC,"maximum iteration symbolic"
cvx_accuracy,"complexity analysis",UNRESOLVED_NUMERIC,"epsilon1 symbolic"
