parameter,value,unit_or_domain,source_status,notes
N,50,devices,VERIFIED,"devices uniformly generated in 500 m x 500 m area"
area,"500 x 500",m,VERIFIED,"base station at center"
path_loss,"128.1 + 37.6 log10(distance_km)",dB,VERIFIED,"shadow fading std 8 dB"
noise_psd,-174,dBm/Hz,VERIFIED,"Gaussian noise PSD"
R_l,10,local_iterations,VERIFIED,"local iterations"
R_g,100,global_aggregations,VERIFIED,"global aggregations"
upload_size,28.1,kbit/device,VERIFIED,"d_n"
samples_per_device,500,samples,VERIFIED,"D_n"
cpu_cycles_per_sample,"Uniform([1,3] x 10^4)",cycles/sample,VERIFIED,"c_n"
kappa,1e-28,effective_switched_capacitance,VERIFIED,"computation-energy model"
f_max,2,GHz,VERIFIED,"maximum CPU frequency"
f_min,0,Hz,VERIFIED,"minimum CPU frequency"
p_max,12,dBm,VERIFIED,"default maximum transmit power"
p_min,0,dBm,VERIFIED,"minimum transmit power"
B,20,MHz,VERIFIED,"total bandwidth"
s_min,160,pixels,VERIFIED,"minimum video frame resolution"
s_max,640,pixels,VERIFIED,"maximum video frame resolution"
accuracy_model,"1 - 1.578 exp(-6.5e-3 s_n)",dimensionless,VERIFIED,"adopted accuracy function"
objective,"w1 E + w2 T - rho A",weighted_objective,VERIFIED,"w1,w2,rho nonnegative"
weights_energy_sensitive,"(0.9,0.1)",w1_w2,VERIFIED,"reported comparison setting"
weights_balanced,"(0.5,0.5)",w1_w2,VERIFIED,"reported comparison setting"
weights_time_sensitive,"(0.1,0.9)",w1_w2,VERIFIED,"reported comparison setting"
rho_tx_power_sweep,1,dimensionless,VERIFIED,"used for maximum-transmit-power comparison"
rho_cpu_sweep,10,dimensionless,VERIFIED,"used for maximum-CPU-frequency comparison"
repetitions,100,runs_per_weight_pair,VERIFIED,"average energy/time; 50 users regenerated each run"
baseline_MinPixel,"random f in 0.1-2 GHz or random p in 0-12 dBm depending sweep; equal B/N; s=s_min",rule,VERIFIED,"exact branch depends on experiment"
