Sample_No,Record_ID,Primary_Domain,Evidence_Role,P,W,D,H,N,B,M,E,C_Class,Artifact_State,Gap_Evidence_Role,Evidence_Class,Coder_Notes,Human_Coder_Initials,Coding_Date,Verified_By_Human
1,,Networking/edge/XR,,,,,,,,,,,,,,,,,,No
2,,Networking/edge/XR,,,,,,,,,,,,,,,,,,No
3,,Networking/edge/XR,,,,,,,,,,,,,,,,,,No
4,,Networking/edge/XR,,,,,,,,,,,,,,,,,,No
5,,Networking/edge/XR,,,,,,,,,,,,,,,,,,No
6,,Networking/edge/XR,,,,,,,,,,,,,,,,,,No
7,,Networking/edge/XR,,,,,,,,,,,,,,,,,,No
8,,Networking/edge/XR,,,,,,,,,,,,,,,,,,No
9,,Networking/edge/XR,,,,,,,,,,,,,,,,,,No
10,,Networking/edge/XR,,,,,,,,,,,,,,,,,,No
11,,Digital twin,,,,,,,,,,,,,,,,,,No
12,,Digital twin,,,,,,,,,,,,,,,,,,No
13,,Digital twin,,,,,,,,,,,,,,,,,,No
14,,Digital twin,,,,,,,,,,,,,,,,,,No
15,,Digital twin,,,,,,,,,,,,,,,,,,No
16,,Semantic communication,,,,,,,,,,,,,,,,,,No
17,,Semantic communication,,,,,,,,,,,,,,,,,,No
18,,Semantic communication,,,,,,,,,,,,,,,,,,No
19,,Semantic communication,,,,,,,,,,,,,,,,,,No
20,,AI/GenAI,,,,,,,,,,,,,,,,,,No
21,,AI/GenAI,,,,,,,,,,,,,,,,,,No
22,,AI/GenAI,,,,,,,,,,,,,,,,,,No
23,,AI/GenAI,,,,,,,,,,,,,,,,,,No
24,,AI/GenAI,,,,,,,,,,,,,,,,,,No
25,,AI/GenAI,,,,,,,,,,,,,,,,,,No
26,,Security/privacy,,,,,,,,,,,,,,,,,,No
27,,Security/privacy,,,,,,,,,,,,,,,,,,No
28,,Security/privacy,,,,,,,,,,,,,,,,,,No
29,,Security/privacy,,,,,,,,,,,,,,,,,,No
30,,Security/privacy,,,,,,,,,,,,,,,,,,No
31,,Security/privacy,,,,,,,,,,,,,,,,,,No
32,,Security/privacy,,,,,,,,,,,,,,,,,,No
33,,Security/privacy,,,,,,,,,,,,,,,,,,No
34,,Standards/interoperability,,,,,,,,,,,,,,,,,,No
35,,Standards/interoperability,,,,,,,,,,,,,,,,,,No
36,,Sustainability,,,,,,,,,,,,,,,,,,No
37,,Sustainability,,,,,,,,,,,,,,,,,,No
38,,Sustainability,,,,,,,,,,,,,,,,,,No
39,,Sustainability,,,,,,,,,,,,,,,,,,No
40,,Sustainability,,,,,,,,,,,,,,,,,,No
41,,Datasets/testbeds,,,,,,,,,,,,,,,,,,No
42,,Datasets/testbeds,,,,,,,,,,,,,,,,,,No
43,,Datasets/testbeds,,,,,,,,,,,,,,,,,,No
44,,Foundations/applications/other,,,,,,,,,,,,,,,,,,No
45,,Foundations/applications/other,,,,,,,,,,,,,,,,,,No
46,,Foundations/applications/other,,,,,,,,,,,,,,,,,,No
47,,Foundations/applications/other,,,,,,,,,,,,,,,,,,No
48,,Foundations/applications/other,,,,,,,,,,,,,,,,,,No
49,,Foundations/applications/other,,,,,,,,,,,,,,,,,,No
50,,Foundations/applications/other,,,,,,,,,,,,,,,,,,No