feature_id,feature,prior_work_evidence,current_candidate_status,required_proof_before_claim
F01,networked-systems technical framing,"R016 explicitly networked systems",occupied,"not a novelty claim"
F02,architecture synthesis,"R016 technical architectures; R017 25 architectural models; R028 distributed architecture",occupied,"tutorial only"
F03,enabling-technology taxonomy,"R016; R021; R030",occupied,"tutorial only"
F04,security/privacy taxonomy,"R005; R028",occupied,"supporting section only"
F05,open problems/gap analysis,"R016; R024; R028; R029",occupied,"our gaps must be falsification-tested and evidence-linked"
F06,resource-allocation algorithm benchmark,"R009 19-algorithm benchmark",occupied,"do not claim first"
F07,holistic Metaverse systems benchmark,"B001 MetaverseBench",occupied,"do not claim first"
F08,XR/Metaverse ML benchmark,"B002 XRBench",occupied,"do not claim first"
F09,dataset availability inventory,"R024; R029",occupied,"must connect dataset/workload to algorithms metrics and reproducibility"
F10,evidence/deployment maturity,"R019 empirical evidence; R023 maturity model",partly occupied,"prove operational cross-domain technical evidence levels add value"
F11,reproducibility discussion,"R024 explicitly discusses reproducibility",partly occupied,"prove systematic artifact-level audit fields and cross-domain execution"
F12,cross-paper comparability tuple P-W-D-H-N-B-M-E,"no matching operational review identified in audited batches",candidate,"full-text saturation + explicit negative evidence matrix"
F13,claim-to-evidence provenance,"no matching cross-domain technical implementation identified in audited batches",candidate,"show extraction and derived analyses"
F14,contrary-evidence gap falsification,"no explicit comparable mechanism identified in audited batches",candidate,"document procedure and examples where candidate gaps were rejected"
F15,artifact-level reproducibility audit linked to algorithms,"no matching cross-domain networked-Metaverse survey identified yet",candidate,"complete artifact audit and compare against R024/R029"
F16,deployment maturity linked to technical problem/algorithm/metric,"domain evidence exists R019 but cross-domain technical linkage not identified",candidate,"complete deployment extraction across domains"
