asset,type,manuscript_role,priority
"F01","figure","evidence maturity framework","CORE"
"F03","figure","claim-evidence-artifact provenance","CORE"
"F02","figure","historical XR/network evidence lineage","CORE"
"F07","figure","technical+human security evidence","CORE"
"F09","figure","DT synchronization evolution","CORE"
"F10","figure","semantic-DT bridge","CORE"
"F11","figure","dataset reuse vs reproduction","CORE"
"F12","figure","testbed-artifact chain","CORE"
"T44","table","validated residual gaps","CORE"
"T42","table","testbed-artifact linkage","CORE"
"T39","table","DT synchronization comparison","CORE"
"T37","table","security evidence comparison","CORE"
"T40","table","semantic-DT evidence comparison","CORE"
"A01","algorithm","comparability gate","CORE_METHOD"
"A02","algorithm","gap falsification","CORE_METHOD"
"A03","algorithm","artifact audit","CORE_METHOD"
"A08","algorithm","security dataset transfer","OPTIONAL_METHOD"
"A13","algorithm","saturation stop rule","SUPPLEMENTARY"
