dimension,REV_RESOURCE_2024,PNE011,PNE012,PNE015,PNE016,PNE017,PNE018,PNE019,coverage_question
edge_compute,yes,yes,yes,yes,yes,yes,yes,yes,"Does benchmark model heterogeneous edge compute capacities?"
wireless_resource,yes,yes,yes,yes,yes,yes,yes,partial,"Are channel power and bandwidth models compatible?"
XR_rendering,partial,yes,yes,yes,yes,yes,partial,no,"Does benchmark explicitly model rendering quality or resolution?"
federated_learning,unresolved,yes,no,yes,no,no,no,no,"Are learning accuracy and distributed model-update costs represented?"
security_jamming,unresolved,no,yes,no,no,no,no,no,"Can adversarial or jamming conditions be represented?"
O_RAN_slicing,unresolved,no,no,yes,no,no,no,no,"Can slice PRB and xAPP decisions be represented?"
GPU_CPU_bandwidth_leasing,unresolved,no,no,no,yes,partial,partial,partial,"Are multidimensional compute resources separately represented?"
MTP_queue_safety,unresolved,no,no,no,partial,yes,no,no,"Are hard MTP and queue safety constraints represented?"
aerial_MEC,unresolved,no,no,no,no,no,yes,no,"Can aerial MEC topology and mobility be represented?"
economic_mechanism,partial,no,no,no,yes,no,no,yes,"Are strategic agents auctions or truthfulness represented?"
energy,yes,yes,yes,yes,partial,yes,partial,partial,"Is energy defined consistently across device network and edge?"
QoE,yes,partial,yes,yes,yes,yes,yes,partial,"Is QoE definition normalized?"
learning_accuracy,unresolved,yes,no,partial,no,no,no,no,"Does benchmark support learning-quality objectives?"
visual_quality,yes,partial,partial,yes,yes,yes,partial,no,"Are resolution and quality measures comparable?"
reproducible_artifact,unresolved,unresolved,unresolved,unresolved,unresolved,unresolved,unresolved,unresolved,"Artifact audit is the decisive next test"
