field,value,status,notes
study_id,PNE017,verified,"internal study ID"
title,"Wireless Multi-User Interactive Virtual Reality in Metaverse With Edge-Device Collaborative Computing",verified,"primary-study register"
year,2025,verified,"primary-study register"
venue,"IEEE Transactions on Wireless Communications",verified,"primary-study register"
doi,"10.1109/TWC.2025.3551938",verified,"primary-study register"
problem,"interactive multi-user VR with edge-device collaborative rendering/resource control",verified,"publication-level description"
rendering_scope,"foreground/background rendering with edge-device collaboration",verified,"publication-level description"
method_family,"safe reinforcement learning; AQM-CUP",verified,"publication-level description"
safety_constraint,"motion-to-photon latency constraint",verified,"publication-level description"
reported_metrics,"MTP-related performance; sensor-information age; device power; convergence",verified,"publication-level description"
queue_model,"explicit queue-aware formulation reported",verified,"publication-level description"
exact_state_vector,"",unresolved,"requires full method section"
exact_action_vector,"",unresolved,"requires full method section"
reward_or_cost_equation,"",unresolved,"requires full method section"
MTP_equation_and_threshold,"",unresolved,"requires full method section"
age_equation,"",unresolved,"requires full method section"
power_model,"",unresolved,"requires full method section"
queue_dynamics,"",unresolved,"requires full equations"
network_model,"",unresolved,"requires full experimental section"
workload_model,"",unresolved,"requires full experimental section"
simulation_horizon,"",unresolved,"requires full experimental section"
baseline_names,"",unresolved,"requires full comparison table"
hyperparameters,"",unresolved,"requires full experimental section"
repetitions_or_seeds,"",unresolved,"requires full experimental section"
code_artifact,"",not_found_in_current_audit,"not proof of non-release"
reconstruction_status,"partial,"sufficient for family mapping, insufficient for implementation"
