dimension,PNE016,PNE017,compatibility,normalization_requirement
application,"cooperative VR rendering","interactive multi-user VR",high,"common immersive-VR workload abstraction"
edge_compute,yes,yes,high,"normalize compute-capacity units"
device_compute,partial,yes,medium,"explicit device-compute model needed"
GPU_resource,explicit,unresolved,medium,"separate GPU from generic compute only if both support it"
CPU_resource,explicit,yes_or_generic,medium,"map cycles/s or normalized capacity"
bandwidth_resource,explicit,yes,high,"common bandwidth/channel convention"
rendering_decision,yes,yes,high,"define quality/rendering-mode abstraction"
dynamic_leasing,yes,no,low,"optional economic layer; cannot force into PNE017"
queue_dynamics,unresolved,yes,medium,"optional queue-aware scenario"
MTP_constraint,implicit_or_unresolved,explicit,medium,"common hard/soft latency-violation metric"
QoE,explicit,partial,medium,"must normalize constituent terms rather than raw score"
visual_quality,yes,yes_or_partial,high,"common quality/resolution metric"
energy_or_power,partial,yes,medium,"define device/edge system boundary"
resource_utilization,yes,yes_or_derivable,high,"common utilization definition"
multi_agent_control,yes,partial_or_multi_user,medium,"centralized/decentralized training distinction"
safety_constraint,no,yes,low,"safe scenario must remain separate extension"
economic_cost,yes,not_core,low,"do not include in universal score"
common_benchmark_feasibility,"","","conditional","shared core plus optional scenario modules is preferable to one flattened objective"
