study_id,title,year,venue,doi,stream,problem_family,method_family,system_context,optimization_or_goal,evidence_status,notes
PSX001,"The Roadmap to 6G: AI Empowered Wireless Networks",2019,"IEEE Communications Magazine","10.1109/MCOM.2019.1900271","6G-foundation","6G vision and AI-native networking","survey/vision","future wireless networks","AI-empowered 6G requirements and architecture","peer-reviewed-foundational","Context source; not Metaverse-specific"
PSX002,"Toward Immersive Communications in 6G",2022,"Frontiers in Communications and Networks","10.3389/frcmn.2022.858973","6G-XR","immersive communications","survey/system analysis","6G immersive services","communications requirements for immersive XR","peer-reviewed","Useful requirements bridge; full metric extraction pending"
PSX003,"Toward Metaverse of everything: Opportunities, challenges, and future directions of the next generation of visual/virtual communications",2023,"Journal of Network and Computer Applications","10.1016/j.jnca.2023.103675","6G-XR","visual/virtual communications","review/framework","Metaverse of Everything","communications architecture, enabling technologies, opportunities/challenges","peer-reviewed-review","Closest communications-oriented synthesis; already in review register"
PSX004,"Mobile Edge Computing and AI Enabled Web3 Metaverse over 6G Wireless Communications: A Deep Reinforcement Learning Approach",2023,"IEEE VTC2023-Spring","10.1109/VTC2023-Spring57618.2023.10199534","6G-edge","MEC channel/resource allocation","deep reinforcement learning","6G MEC Web3 Metaverse","maximize accumulated QoS/socialization experience","peer-reviewed-conference","Cross-linked to PNE002"
PSX005,"Heterogeneous 360 Degree Videos in Metaverse: Differentiated Reinforcement Learning Approaches",2023,"IEEE GLOBECOM","10.1109/GLOBECOM54140.2023.10436796","XR-streaming","heterogeneous immersive video delivery","reinforcement learning","360-degree Metaverse video","differentiated resource/adaptation decisions","peer-reviewed-conference","Cross-linked to PNE003"
PSX006,"Attention-Based QoE-Aware Digital Twin Empowered Edge Computing for Immersive Virtual Reality",2024,"IEEE Transactions on Wireless Communications","10.1109/TWC.2024.3380820","XR-edge","adaptive VR delivery","continual reinforcement learning","DT-empowered MEC VR","QoE-aware compute/bandwidth/resolution allocation","peer-reviewed-journal","Cross-linked to PNE005; central bridge study"
PSX007,"Semantic Communications for the Metaverse: Principles and Challenges",2023,"IEEE Communications Magazine","","semantic","semantic/goal-oriented Metaverse communication","tutorial/conceptual","Metaverse semantic communications","reduce communication burden while preserving task/meaning utility","peer-reviewed-metadata-to-complete","Requires DOI/full primary extraction before quantitative use"
PSX008,"Semantic Communications: Overview, Open Issues, and Future Research Directions",2022,"IEEE Wireless Communications","","semantic-foundation","semantic communications","survey","6G semantic communications","meaning/task-oriented communication beyond bit accuracy","peer-reviewed-context","Foundational context; exact metadata/full extraction pending"
PSX009,"DeepSC: Deep Semantic Communication Systems",2021,"IEEE Transactions on Signal Processing","10.1109/TSP.2021.3071210","semantic-foundation","text semantic communication","deep learning","wireless semantic communication","semantic recovery under channel impairment","peer-reviewed-journal","Non-Metaverse baseline family candidate"
PSX010,"DeepSC-S: A Semantic Communication System for Speech Signals",2021,"IEEE Transactions on Wireless Communications","10.1109/TWC.2021.3120501","semantic-foundation","speech semantic communication","deep learning","wireless speech transmission","semantic speech recovery","peer-reviewed-journal","Potential multimodal Metaverse baseline family"
