study_id,year,title,venue,doi,problem_family,method_family,decision_variables_or_scope,objective_or_metrics,evidence_form,peer_review_status,comparison_relevance,notes
PNE010,2023,"Resource Allocation and Resolution Control in the Metaverse with Mobile Augmented Reality","peer-reviewed version to verify","preprint:2209.13871","MAR resource allocation and resolution control","outer approximation","communication resources; resolution","utility; service feasibility; delay-related performance","simulation","publication-link-pending","high","Verify final peer-reviewed venue before promotion"
PNE011,2023,"Resource Allocation of Federated Learning for the Metaverse With Mobile Augmented Reality","IEEE Transactions on Wireless Communications","10.1109/TWC.2023.3326884","federated learning resource allocation for MAR","optimization/decomposition","bandwidth; transmit power; CPU frequency; video frame resolution","energy; completion time; model accuracy","numerical evaluation","peer-reviewed","very-high","Direct contrary evidence to single-objective characterization; explicit energy-latency-accuracy trade-off"
PNE012,2024,"Energy-Efficient Anti-Jamming Metaverse Resource Allocation Based on Reinforcement Learning","IEEE WCNC","10.1109/WCNC57260.2024.10570923","anti-jamming resource allocation","hierarchical reinforcement learning","rendering mode; channel; transmit power","latency; energy; QoE; disruption risk","simulation","peer-reviewed","very-high","Adds security/adversarial condition to resource/QoE optimization"
PNE013,2024,"Data trading, power control and resource allocation algorithms for metaverse platform","International Journal of Ad Hoc and Ubiquitous Computing","10.1504/IJAHUC.2024.140038","data trading and wireless resource allocation","auction + learning + bargaining","data trading; power/resource decisions","efficiency; fairness; integrated system performance","simulation","peer-reviewed","high","Economic/control hybrid comparator"
PNE014,2023,"Human-Centric Resource Allocation for the Metaverse With Multiaccess Edge Computing","publication status to verify","arXiv:2312.15313","multi-user MEC resource allocation","multi-agent SAC + GCN","per-user edge resources","user experience; allocation balance; resource utilization","experiment/simulation reported","preprint-status","high","Reported improvements >=27% user experience, >=11% balance, >=8% utilization; do not use quantitatively until peer-reviewed status/full protocol verified"
PNE015,2025,"Federated Reinforcement Learning-Based Resource Allocation in O-RAN Slicing for Metaverse","IEEE ICC 2025","10.1109/ICC52391.2025.11161932","O-RAN slicing resource allocation","federated reinforcement learning","power control; physical resource blocks; distributed xAPP decisions","QoE; energy efficiency; video quality; communication delay; computation delay","numerical evaluation","peer-reviewed","very-high","Strong cross-layer O-RAN benchmark candidate"
PNE016,2025,"QoE-Oriented Cooperative VR Rendering and Dynamic Resource Leasing in Metaverse","IEEE Transactions on Mobile Computing","10.1109/TMC.2025.3569695","cooperative VR rendering and multidimensional resource leasing","hybrid-action multi-agent reinforcement learning","GPU; CPU; outbound bandwidth; rendering","EdgeVRQoE; rendering delay; visual quality; resource utilization","simulation","peer-reviewed","very-high","Explicit multidimensional hardware/network resource model"
PNE017,2025,"Wireless Multi-User Interactive Virtual Reality in Metaverse With Edge-Device Collaborative Computing","IEEE Transactions on Wireless Communications","10.1109/TWC.2025.3551938","interactive VR rendering/resource allocation under MTP constraint","safe reinforcement learning (AQM-CUP)","foreground/background rendering; MEC resources; queues","motion-to-photon constraint; sensor-information age; device power; convergence","experimental/numerical evaluation reported","peer-reviewed","very-high","Important safe-RL and queue-aware comparator"
PNE018,2025,"Resource Allocation and QoE Maximization in Aerial MEC-empowered Metaverse Service: A CCM-Multi-agent DRL approach","IEEE conference","10.1109/IEEECONF64524.2024.10901198","aerial MEC resource allocation","CCM multi-agent DRL","joint aerial MEC resources","QoE; real-time decision performance","numerical evaluation","peer-reviewed","high","Exact conference metadata to verify before final register"
PNE019,2025,"Truthful mechanism for service utility maximization in edge-enabled metaverse based on NUMA","Future Generation Computer Systems","publisher-record","online resource allocation / service marketplace","truthful online mechanism","NUMA edge compute/VM allocation","service utility; mechanism properties; allocation efficiency","simulation/numerical","peer-reviewed","high","Adds mechanism-design family and online arrivals; DOI/full metadata extraction pending"
