study_id,title,year,venue,doi,problem_family,system_context,method_family,algorithm_or_method,optimization_focus,reported_metrics,evidence_form,verification_status,notes
PNE001,"Asynchronous Hybrid Reinforcement Learning for Latency and Reliability Optimization in the Metaverse Over Wireless Communications",2023,"IEEE Journal on Selected Areas in Communications","10.1109/JSAC.2023.3280988","wireless resource allocation","wireless Metaverse","reinforcement learning","asynchronous hybrid reinforcement learning","latency and reliability","latency; reliability","experimental/simulation evaluation","bibliographic-verified","Primary baseline for heterogeneous/hybrid decision formulation"
PNE002,"Mobile Edge Computing and AI Enabled Web3 Metaverse over 6G Wireless Communications: A Deep Reinforcement Learning Approach",2023,"IEEE VTC2023-Spring","10.1109/VTC2023-Spring57618.2023.10199534","computation offloading and channel allocation","MEC; 6G; multi-user socialization","deep reinforcement learning","DRL-based channel resource allocation","accumulated QoS/socialization experience","QoS / accumulated experience","experimental evaluation reported","bibliographic-verified","Adds accumulated user experience to resource allocation"
PNE003,"Heterogeneous 360 Degree Videos in Metaverse: Differentiated Reinforcement Learning Approaches",2023,"IEEE GLOBECOM","10.1109/GLOBECOM54140.2023.10436796","immersive video resource management","heterogeneous 360-degree Metaverse video","reinforcement learning","differentiated RL","heterogeneous immersive video delivery","study-specific performance metrics","experimental evaluation reported","bibliographic-verified","Candidate comparison family: immersive video"
PNE004,"Bi-Directional Digital Twin and Edge Computing in the Metaverse",2024,"IEEE Internet of Things Magazine","10.1109/IOTM.001.2300173","resource allocation / DT synchronization","digital twin + MEC","continual learning","DTEC continual-learning case study","DT-MEC bidirectional dependence; desynchronization; resource allocation","learning outcome; Metaverse experience; synchronization-related performance","case study","primary-source-verified","Important conceptual bridge between DT synchronization and edge resource allocation"
PNE005,"Attention-Based QoE-Aware Digital Twin Empowered Edge Computing for Immersive Virtual Reality",2024,"IEEE Transactions on Wireless Communications","10.1109/TWC.2024.3380820","joint computing/bandwidth allocation and adaptive VR resolution","digital-twin empowered MEC VR streaming","continual reinforcement learning","CDDPG; PER-CDDPG; FPER-CDDPG","QoE maximization under time-varying DT updates and horizon-fairness QoE","average latency; QoE; successful delivery rate; hfQoE; scalability","extensive experimental evaluation reported","primary-source-verified","Strong candidate for reproduction because variants and baselines are explicit"
PNE006,"Enhancing Resource Allocation Efficiency for Collaborative End-Edge Tasks in the Metaverse’s Virtual Reality",2023,"IEEE ISPA/BDCloud/SocialCom/SustainCom","10.1109/ISPA-BDCloud-SocialCom-SustainCom59178.2023.00099","end-edge task resource allocation","360-degree VR; edge computing","metaheuristic optimization","enhanced whale optimization algorithm","global system performance; energy and latency","energy consumption; latency; user experience","simulation","primary-source-verified","Useful non-RL comparator family"
PNE007,"Joint DRL and GCN-based Cloud-Edge-End collaborative cache optimization for metaverse scenarios",2025,"Computer Networks","10.1016/j.comnet.2025.111239","collaborative caching","cloud-edge-end Metaverse rendering","GCN + actor-critic DRL","DTP/FastDTW + GCNAC","cache efficiency; resource allocation; rendering latency","cache-related efficiency; latency; rendering performance","experimental evaluation reported","primary-source-verified","Extends optimization into trajectory/popularity-aware collaborative caching"
PNE008,"Meta-Reinforcement Learning for Computation Offloading and Resource Allocation in MEC-Enabled Immersive Metaverse",2026,"IEEE Transactions on Mobile Computing","10.1109/TMC.2026.3688757","joint computation offloading and resource allocation","heterogeneous MEC immersive Metaverse","meta reinforcement learning","MROA hierarchical framework","QoS/QoE-aware scene-rendering and avatar-interaction scheduling","QoS; QoE; offloading/resource-allocation performance","evaluation reported; full extraction pending","bibliographic-verified","Current frontier; requires full-text extraction before gap use"
PNE009,"Digital Twin-Assisted In-Network and Edge Collaboration for Joint User Association, Task Offloading, and Resource Allocation in the Metaverse",2026,"preprint","arXiv:2604.02938","joint association/offloading/resource allocation","DT; in-network computing; MEC; URLLC","game theory + multi-agent RL","Stackelberg Markov game; exact potential game; Nash-asynchronous hybrid MARL","system utility; UL/DL resource use; latency; energy efficiency","system utility; uplink rate; energy efficiency; latency","simulation reported","preprint-frontier","Retain for frontier surveillance; do not treat as peer-reviewed evidence until publication status is verified"
