field,value,status,evidence_note
review_title,"Comprehensive survey on resource allocation for edge-computing-enabled metaverse",verified,"publisher metadata"
year,2024,verified,"publisher metadata"
venue,"Computer Science Review",verified,"publisher metadata"
doi,"10.1016/j.cosrev.2024.100680",verified,"publisher metadata"
strategies_reviewed,35,verified,"publication/review description"
algorithms_benchmarked,19,verified,"publication/review description"
benchmark_algorithm_names,"",unresolved,"Exact 19-name list requires full benchmark table/section extraction"
benchmark_problem_categories,"",unresolved,"Requires full benchmark section extraction"
common_scenario,"",unresolved,"Requires benchmark-method section"
common_workload,"",unresolved,"Requires benchmark-method section"
hardware_or_simulator,"",unresolved,"Requires benchmark-method section or supplement"
metrics,"",unresolved,"Requires benchmark tables and figures"
random_seeds_or_repetitions,"",unresolved,"Requires experimental protocol"
statistical_tests,"",unresolved,"Requires experimental protocol"
public_code_repository,"",not_found_in_current_audit,"No official repository confirmed yet; absence is not asserted"
public_dataset_or_trace,"",unresolved,"Requires full-text or supplement audit"
dependency_environment,"",unresolved,"Requires artifact audit"
container_or_ci,"",unresolved,"Requires artifact audit"
independent_reproduction,"",unresolved,"Requires citation and repository search"
