source,target,relation,evidence_status,notes
T01,P01,enables_and_constrains,supported,"wireless latency/reliability"
T02,P02,hosts,supported,"edge resource allocation"
T02,P03,hosts,supported,"computation offloading"
T03,P05,creates_requirement,supported,"DT freshness/synchronization"
T04,P04,creates_requirement,supported,"adaptive immersive rendering"
T04,P07,measured_by,supported,"XR experience/QoE"
T05,P06,addresses,supported,"semantic/task-oriented efficiency"
T06,P02,optimizes,supported,"RL/learning resource control"
T07,P12,contributes_load,candidate,"GenAI inference competes for compute; systematic evidence pending"
T08,P11,creates_requirement,candidate,"persistent agent continuity"
T09,P09,addresses_and_creates_tradeoff,candidate,"identity continuity vs linkability"
T10,P10,addresses,supported,"state/asset/identity portability"
A01,P01,optimizes,supported,"wireless RL"
A01,P02,optimizes,supported,"resource allocation"
A02,P05,adapts_to,supported,"continual learning under DT updates"
A03,P03,optimizes,supported,"meta-RL offloading"
A04,P02,optimizes,supported,"multi-agent joint decisions"
A05,P02,optimizes,supported,"metaheuristic end-edge allocation"
A06,P02,models_for,supported,"graph learning in collaborative caching"
A07,P06,optimizes,supported,"semantic communication"
A08,P11,enables,candidate,"agentic foundation-model systems; primary evidence mining pending"
A09,P02,models_interaction,candidate,"game-theoretic resource decisions"
P01,P07,affects,supported,"network delay/reliability affects experience"
P02,P07,affects,supported,"resource decisions affect QoE"
P05,P07,affects,candidate,"freshness impacts experience/task correctness; quantify"
P06,P07,affects,candidate,"semantic utility vs user experience"
P08,P07,trades_off,candidate,"energy vs quality/latency"
P09,P10,trades_off,candidate,"linkability vs continuity"
P12,P01,trades_off,candidate,"AI compute demand may alter end-to-end latency"
