category,count,notes
equations,5,formal Revision-1 equations
tables,19,reviewer-facing and manuscript-facing synthesis tables
figures,3,new quantitative/audit figures
protocols,3,core formal review procedures
first_review_traceability,27,first strict review mapped
second_review_traceability,30,hostile COMST re-review mapped
coverage_audit,5,dated public-web query blocks
bibliography,200,frozen master bibliography
local_checked_pages,22,IEEE two-column final reconstruction
open_external_validation,4,eligible R0-R4 audit; independent coder kappa; database-specific audit; DOI archive