review_id,source_verification,reported_scope_or_method,normalized_implication_for_current_survey,gap_test_outcome,evidence_granularity
R001,verified,"Broad state-of-the-art survey; five-dimensional technology framework","Broad technology/application taxonomy is occupied; novelty must be evidence-centered",NARROWED,"publisher/metadata source"
R002,verified,"Review of Metaverse of Everything and next-generation visual/virtual communications","Broad communications architecture/opportunity framing is occupied",NARROWED,"publisher abstract/source"
R003,verified,"WoS+Scopus systematic review; 74 relevant publications; technological/data/human/institutional interoperability","Interoperability literature exists; residual gap is definition/standardization/conformance/adoption",NARROWED,"publisher abstract/source"
R004,verified,"Systematic literature review of Metaverse applications, technologies, virtualized elements, economics and software-engineering challenges","Broad application/challenge absence is untenable; retain evidence comparability/reproducibility questions",NARROWED,"publisher abstract/source"
R005,verified,"Systematic security/privacy review covering 2013-2024 and evaluation strategies","Security/privacy literature exists; residual concerns include policy compliance/accessibility/interoperability/backend and evidence transfer",NARROWED,"publisher abstract plus prior extraction"
R006,verified,"Systematic investigation of >100 studies; distributed ML, vulnerabilities, privacy-preserving methods and deployment scenarios","Distributed/FL privacy literature exists; residual gap is comparable operational evidence/artifacts/transfer",NARROWED,"open publisher full-page source"
R007,verified,"Topic modeling of 236 peer-reviewed publications into nine clusters","Sustainability literature exists; residual gap is direct measured/system-boundary energy-carbon evidence and interdisciplinary integration",NARROWED,"publisher abstract/highlights"
R008,verified,"PRISMA/bibliometric SLR; 66 studies","Broad sustainability absence contradicted; retain measured sustainability and system-boundary evidence gap",CONTRADICTED_BROAD_ABSENCE,"publisher abstract plus prior extraction"
R009,verified,"~683 identified; 112 inclusion; 57 retained after quality; 35 strategies; 19 algorithms benchmarked","Broad resource-allocation benchmark absence contradicted; residual gap is normalized cross-study comparability/reproducibility",CONTRADICTED_BROAD_ABSENCE,"verified primary page in repository"
R010,verified,"Broad AI survey across Metaverse enabling technologies/applications","AI taxonomy absence contradicted; residual gap is evidence quality/artifacts/transfer/operational evaluation",NARROWED,"verified primary page in repository"
R011,verified,"Blockchain review spanning acquisition/storage/sharing/interoperability/privacy and enabling technologies","Blockchain is an occupied mechanism family; do not claim missing blockchain synthesis",NARROWED,"verified primary page in repository"
R012,verified,"Fault-management survey for edge-enabled distributed Metaverse applications","Reliability/fault management literature exists; residual opportunity is cross-layer comparable evidence",NARROWED,"verified primary page in repository"
R013,verified,"Survey of socially beneficial Metaverse framework, technologies, applications and challenges","Broad framework/application framing is occupied",NARROWED,"verified primary page in repository"
R014,verified,"Focused DT/game-theoretic survey for Metaverse connected/autonomous vehicles","DT/game-theory synthesis exists in focused domain; cross-domain ranking requires context-aware comparability",NARROWED,"verified primary page in repository"
R015,verified,"Applied Metaverse/XR maturity survey covering concepts, technology framework, hardware/software, applications and user feedback","Applied maturity coverage exists; retain evidence/benchmarkability/reproducibility focus",NARROWED,"verified primary page in repository"
