study_id,title,source_level,code_audit,data_audit,configuration_audit,seeds_audit,dependencies_audit,instructions_audit,persistent_archive_audit,independent_reproduction_audit,R_class,audit_state,evidence_note
PNE001,"Asynchronous Hybrid Reinforcement Learning for Latency and Reliability Optimization in the Metaverse over Wireless Communications","public CC BY full text","NOT_IDENTIFIED_IN_AUDITED_SOURCES","NOT_RESOLVED","PARTIAL_METHOD_CONFIGURATION","NOT_RESOLVED","NOT_RESOLVED","NOT_RESOLVED","public manuscript","NOT_IDENTIFIED","","PARTIAL","AAHC; computation offloading/channel assignment/power allocation; extensive experiments; no study-specific executable repository verified."
PNE002,"MEC and AI Empowered Metaverse over 6G Networks","publication record/source metadata","NOT_IDENTIFIED_IN_AUDITED_SOURCES","NOT_RESOLVED","PARTIAL_METHOD_CONFIGURATION","NOT_RESOLVED","NOT_RESOLVED","NOT_RESOLVED","NOT_IDENTIFIED","NOT_IDENTIFIED","","PARTIAL","DRL/MEC/6G resource-management study; source evidence sufficient for domain coding but not denominator-complete artifact scoring."
PNE003,"Heterogeneous 360 Degree Videos in Metaverse: Differentiated Reinforcement Learning Approaches","public CC BY arXiv full text","NOT_IDENTIFIED_IN_AUDITED_SOURCES","NOT_RESOLVED","PARTIAL_METHOD_CONFIGURATION","NOT_RESOLVED","NOT_RESOLVED","NOT_RESOLVED","arXiv persistent manuscript","NOT_IDENTIFIED","","PARTIAL","SIDO/MIDO; comprehensive experiments; FPS and cybersickness metrics; no executable study repository verified."
PNE004,"Bi-Directional Digital Twin and Edge Computing in the Metaverse","open arXiv + institutional/publisher record","NOT_IDENTIFIED_IN_AUDITED_SOURCES","NOT_RESOLVED","PARTIAL_METHOD_CONFIGURATION","NOT_RESOLVED","NOT_RESOLVED","NOT_RESOLVED","arXiv persistent manuscript","NOT_IDENTIFIED","","PARTIAL","Continual-learning DTEC case study; mitigates DT desynchronization and supports resource allocation; article is partly architectural/case-study."
PNE006,"Collaborative End-Edge Computing for Personalized and Immersive VR","publication metadata/known conference record","NOT_IDENTIFIED_IN_AUDITED_SOURCES","NOT_RESOLVED","PARTIAL_METHOD_CONFIGURATION","NOT_RESOLVED","NOT_RESOLVED","NOT_RESOLVED","NOT_IDENTIFIED","NOT_IDENTIFIED","","PARTIAL","End-edge collaborative VR study retained; full artifact bundle not verified."
PNE007,"Joint DRL and GCN-based Cloud-Edge-End collaborative cache optimization for metaverse scenarios","publisher-linked bibliographic evidence + public GNN bibliography repository","NOT_VERIFIED_AS_STUDY_CODE","NOT_RESOLVED","PARTIAL_METHOD_CONFIGURATION","NOT_RESOLVED","NOT_RESOLVED","NOT_RESOLVED","NOT_IDENTIFIED","NOT_IDENTIFIED","","PARTIAL","Public GNN-Communication-Networks repository lists the paper but is a collection/bibliography; it is not evidence of study implementation."
PNE008,"Meta-Reinforcement Learning for Computation Offloading and Resource Allocation in MEC-Enabled Immersive Metaverse","publisher/bibliographic record","NOT_IDENTIFIED_IN_AUDITED_SOURCES","NOT_RESOLVED","PARTIAL_METHOD_CONFIGURATION","NOT_RESOLVED","NOT_RESOLVED","NOT_RESOLVED","NOT_IDENTIFIED","NOT_IDENTIFIED","","PARTIAL","MROA jointly optimizes offloading/resource allocation for heterogeneous scene-rendering/avatar-interaction tasks; closed article metadata sufficient for problem coding only."
PNE009,"Digital Twin-Assisted In-Network and Edge Collaboration for Joint User Association, Task Offloading, and Resource Allocation in the Metaverse","public arXiv record","NOT_IDENTIFIED_IN_AUDITED_SOURCES","NOT_RESOLVED","PARTIAL_METHOD_CONFIGURATION","NOT_RESOLVED","NOT_RESOLVED","NOT_RESOLVED","arXiv persistent manuscript","NOT_IDENTIFIED","","PARTIAL","DT-based INC-assisted MEC framework with URLLC and joint association/offloading/allocation; no executable repository verified."
PNE010,"Resource Allocation and Resolution Control in the Metaverse with Mobile Augmented Reality","open arXiv full text","NOT_IDENTIFIED_IN_AUDITED_SOURCES","NOT_RESOLVED","PARTIAL_METHOD_CONFIGURATION","NOT_RESOLVED","NOT_RESOLVED","NOT_RESOLVED","arXiv persistent manuscript","NOT_IDENTIFIED","","PARTIAL","OA-based communication-resource allocation and resolution control; simulation outperforms greedy benchmark."
